{
  "apiVersion": "etcd.database.coreos.com/v1beta2",
  "kind": "EtcdCluster",
  "metadata": {
    "name": "kube-etcd",
    "namespace": "kube-system"
  },
  "spec": {
    "size": 1,
    "version": "v${etcd_version}",
    "pod": {
      "nodeSelector": {
        "node-role.kubernetes.io/master": ""
      },
      "tolerations": [
        {
          "key": "node-role.kubernetes.io/master",
          "operator": "Exists",
          "effect": "NoSchedule"
        }
      ]
    },
    "selfHosted": {
      "bootMemberClientEndpoint": "https://${bootstrap_etcd_service_ip}:12379"
    },
    "TLS": {
      "static": {
        "member": {
          "peerSecret": "etcd-peer-tls",
          "serverSecret": "etcd-server-tls"
        },
        "operatorSecret": "etcd-client-tls"
      }
    },
    "backup": {
      "storageType": "PersistentVolume",
      "pv": {
        "volumeSizeInMB": "${etcd_backup_size}",
        "storageClass": "${etcd_backup_storage_class}"
      }
    }
  }
}
